-- phpMyAdmin SQL Dump
-- version 5.2.1
-- https://www.phpmyadmin.net/
--
-- Host: 127.0.0.1
-- Generation Time: Jun 18, 2025 at 12:36 AM
-- Server version: 10.4.32-MariaDB
-- PHP Version: 8.2.12

SET SQL_MODE = "NO_AUTO_VALUE_ON_ZERO";
START TRANSACTION;
SET time_zone = "+00:00";


/*!40101 SET @OLD_CHARACTER_SET_CLIENT=@@CHARACTER_SET_CLIENT */;
/*!40101 SET @OLD_CHARACTER_SET_RESULTS=@@CHARACTER_SET_RESULTS */;
/*!40101 SET @OLD_COLLATION_CONNECTION=@@COLLATION_CONNECTION */;
/*!40101 SET NAMES utf8mb4 */;

--
-- Database: `tienda`
--

-- --------------------------------------------------------

--
-- Table structure for table `clientes`
--

CREATE TABLE `clientes` (
  `id` int(11) NOT NULL,
  `nombres` varchar(40) DEFAULT NULL,
  `email` varchar(50) DEFAULT NULL,
  `telefono` bigint(20) DEFAULT NULL
) ENGINE=InnoDB DEFAULT CHARSET=utf8mb4 COLLATE=utf8mb4_general_ci;

--
-- Dumping data for table `clientes`
--

INSERT INTO `clientes` (`id`, `nombres`, `email`, `telefono`) VALUES
(1, 'Marco Perez', 'marcoperez123@gmail.com', 3214567898),
(2, 'Laura Gómez', 'lauragomez88@gmail.com', 3201122334),
(3, 'Carlos Ramírez', 'carlos.ramirez75@hotmail.com', 3115566778),
(4, 'Ana Torres', 'ana.torres98@yahoo.com', 3123344556),
(5, 'Javier Medina', 'jmedina90@gmail.com', 3012233445),
(6, 'Sofía Rojas', 'sofiarojas21@outlook.com', 3109988776),
(7, 'Luis Fernández', 'lfernandez66@gmail.com', 3001122334),
(8, 'Valentina Cruz', 'vcruz15@hotmail.com', 3120099887),
(9, 'Daniel Herrera', 'dherrera74@yahoo.com', 3203344556),
(10, 'Camila Vargas', 'camilavargas33@gmail.com', 3145566778),
(11, 'Andrés Lozano', 'andreslozano@gmail.com', 3198765432),
(12, 'Mariana Cárdenas', 'mariana.cardenas@gmail.com', 3132233445),
(13, 'Felipe Gómez', 'felipegomez95@hotmail.com', 3003344556),
(14, 'Paula Méndez', 'paulamendez78@outlook.com', 3211122334),
(15, 'Santiago Ruiz', 'sruiz99@yahoo.com', 3106655443),
(16, 'Isabella Moreno', 'imoreno21@gmail.com', 3157788990),
(17, 'Mateo Castro', 'mateocastro@hotmail.com', 3162233445),
(18, 'Gabriela Peña', 'gpena88@gmail.com', 3170099887),
(19, 'Tomás Delgado', 'tdelgado77@yahoo.com', 3185566778),
(20, 'Nicolas Pinzon', 'np07qsf@gmail.com', 3228919632);

-- --------------------------------------------------------

--
-- Table structure for table `detalle_venta`
--

CREATE TABLE `detalle_venta` (
  `id` int(11) NOT NULL,
  `id_venta` int(11) DEFAULT NULL,
  `id_producto` int(11) DEFAULT NULL,
  `cantidad` int(14) NOT NULL,
  `precio_unitario` float NOT NULL
) ENGINE=InnoDB DEFAULT CHARSET=utf8mb4 COLLATE=utf8mb4_general_ci;

--
-- Dumping data for table `detalle_venta`
--

INSERT INTO `detalle_venta` (`id`, `id_venta`, `id_producto`, `cantidad`, `precio_unitario`) VALUES
(1, 1, 28, 3, 2000),
(2, 1, 11, 4, 10500),
(3, 1, 25, 1, 1200),
(4, 1, 8, 2, 3600),
(5, 2, 16, 4, 2200),
(6, 2, 24, 5, 8000),
(7, 2, 19, 1, 2000),
(8, 2, 5, 3, 4600),
(9, 2, 15, 5, 3000),
(10, 2, 3, 4, 1700),
(11, 3, 5, 4, 4600),
(12, 3, 8, 5, 3500),
(13, 3, 4, 1, 2100),
(14, 4, 16, 2, 2200),
(15, 4, 30, 5, 3500),
(16, 4, 8, 2, 3500),
(17, 4, 27, 2, 6000),
(18, 5, 19, 5, 2000),
(19, 5, 26, 3, 3000),
(20, 5, 28, 3, 2000),
(21, 5, 30, 4, 3500),
(22, 6, 13, 5, 2500),
(23, 6, 21, 2, 2500),
(24, 6, 27, 2, 6000),
(25, 6, 12, 5, 18000),
(26, 6, 30, 2, 3500),
(27, 7, 10, 1, 1500),
(28, 7, 26, 4, 3000),
(29, 7, 22, 4, 3800),
(30, 7, 21, 3, 2500),
(31, 7, 14, 2, 2800),
(32, 8, 15, 3, 3000),
(33, 8, 27, 4, 6000),
(34, 8, 20, 1, 1500),
(35, 8, 12, 2, 18000),
(36, 8, 25, 4, 4500),
(37, 8, 9, 3, 10000),
(38, 9, 10, 4, 1500),
(39, 9, 20, 5, 1500),
(40, 9, 8, 4, 3500),
(41, 9, 6, 2, 8500),
(42, 10, 5, 2, 4600),
(43, 10, 24, 1, 8000),
(44, 10, 14, 3, 2800),
(45, 10, 18, 4, 5500),
(46, 10, 16, 4, 2200),
(47, 10, 10, 2, 1500),
(48, 11, 18, 1, 5500),
(49, 11, 14, 2, 2800),
(50, 11, 9, 4, 10000),
(51, 11, 27, 3, 6000),
(52, 11, 16, 4, 2200),
(53, 12, 23, 5, 2500),
(54, 12, 16, 2, 2200),
(55, 12, 3, 5, 1700),
(56, 12, 17, 3, 6000),
(57, 12, 26, 1, 3000),
(58, 12, 20, 3, 1500),
(59, 13, 6, 5, 8500),
(60, 13, 5, 3, 4600),
(61, 13, 15, 5, 3000),
(62, 14, 4, 5, 2100),
(63, 14, 30, 2, 3500),
(64, 14, 14, 5, 2800),
(65, 15, 27, 3, 6000),
(66, 15, 26, 5, 3000),
(67, 15, 30, 5, 3500),
(68, 15, 10, 3, 1500),
(69, 15, 24, 4, 8000),
(70, 15, 5, 4, 4600),
(71, 16, 13, 3, 2500),
(72, 16, 3, 5, 1700),
(73, 16, 7, 5, 4800),
(74, 16, 23, 5, 2500),
(75, 16, 5, 3, 4600),
(76, 17, 25, 2, 4500),
(77, 17, 22, 2, 3800),
(78, 17, 12, 4, 18000),
(79, 17, 23, 5, 2500),
(80, 17, 17, 1, 6000),
(81, 18, 6, 2, 8500),
(82, 18, 14, 1, 2800),
(83, 18, 9, 3, 10000),
(84, 18, 26, 5, 3000),
(85, 19, 9, 2, 10000),
(86, 19, 8, 2, 3500),
(87, 19, 2, 4, 3600),
(88, 20, 12, 2, 18000),
(89, 20, 21, 2, 2500),
(90, 20, 27, 2, 6000),
(91, 21, 30, 3, 3500),
(92, 21, 22, 2, 3800),
(93, 21, 5, 4, 4600),
(94, 21, 1, 1, 1200),
(95, 21, 7, 2, 4800),
(96, 21, 10, 1, 1500),
(97, 22, 21, 1, 2500),
(98, 22, 20, 1, 1500),
(99, 22, 17, 3, 6000),
(100, 22, 3, 5, 1700),
(101, 22, 10, 4, 1500),
(102, 22, 27, 2, 6000),
(103, 23, 10, 5, 1500),
(104, 23, 6, 2, 8500),
(105, 23, 11, 2, 10500),
(106, 23, 28, 3, 2000),
(107, 23, 27, 5, 6000),
(108, 23, 5, 3, 4600),
(109, 24, 19, 2, 2000),
(110, 24, 25, 3, 4500),
(111, 24, 14, 1, 2800),
(112, 24, 13, 5, 2500),
(113, 24, 16, 1, 2200),
(114, 24, 9, 3, 10000),
(115, 25, 3, 3, 1700),
(116, 25, 11, 5, 10500),
(117, 25, 12, 1, 18000),
(118, 25, 19, 3, 2000),
(119, 25, 25, 1, 4500),
(120, 26, 27, 3, 6000),
(121, 26, 6, 1, 8500),
(122, 26, 5, 4, 4600),
(123, 27, 2, 2, 3600),
(124, 27, 17, 2, 6000),
(125, 27, 20, 2, 1500),
(126, 27, 21, 5, 2500),
(127, 27, 27, 5, 6000),
(128, 28, 2, 5, 3600),
(129, 28, 18, 4, 5500),
(130, 28, 27, 4, 6000),
(131, 28, 9, 5, 10000),
(132, 28, 11, 2, 10500),
(133, 29, 13, 5, 2500),
(134, 29, 17, 5, 6000),
(135, 29, 1, 1, 1200),
(136, 29, 27, 2, 6000),
(137, 30, 24, 1, 8000),
(138, 30, 3, 2, 1700),
(139, 30, 16, 2, 2200),
(140, 31, 26, 2, 3000),
(141, 31, 27, 5, 6000),
(142, 31, 5, 3, 4600),
(143, 31, 12, 2, 18000),
(144, 32, 30, 1, 3500),
(145, 32, 17, 3, 6000),
(146, 32, 14, 2, 2800),
(147, 32, 7, 3, 4800),
(148, 33, 6, 3, 8500),
(149, 33, 7, 5, 4800),
(150, 33, 29, 4, 7500),
(151, 33, 11, 5, 10500),
(152, 34, 22, 1, 3800),
(153, 34, 24, 3, 8000),
(154, 34, 27, 4, 6000),
(155, 34, 17, 5, 6000),
(156, 34, 29, 3, 7500),
(157, 34, 5, 4, 4600),
(158, 35, 13, 1, 2500),
(159, 35, 1, 4, 1200),
(160, 35, 29, 2, 7500),
(161, 35, 24, 1, 8000),
(162, 36, 15, 2, 3000),
(163, 36, 21, 3, 2500),
(164, 36, 22, 2, 3800),
(165, 36, 13, 3, 2500),
(166, 36, 9, 2, 10000),
(167, 36, 3, 1, 1700),
(168, 37, 27, 3, 6000),
(169, 37, 17, 4, 6000),
(170, 37, 30, 1, 3500),
(171, 38, 30, 3, 3500),
(172, 38, 11, 2, 10500),
(173, 38, 25, 1, 4500),
(174, 38, 20, 5, 1500),
(175, 38, 14, 2, 2800),
(176, 38, 29, 3, 7500),
(177, 39, 17, 3, 6000),
(178, 39, 10, 1, 1500),
(179, 39, 12, 5, 18000),
(180, 39, 28, 4, 2000),
(181, 39, 8, 4, 3500),
(182, 40, 17, 3, 6000),
(183, 40, 18, 1, 5500),
(184, 40, 25, 4, 4500),
(185, 40, 5, 1, 4600),
(186, 40, 22, 5, 3800),
(187, 40, 20, 4, 1500),
(188, 41, 10, 5, 1500),
(189, 41, 3, 3, 1700),
(190, 41, 14, 3, 2800),
(191, 41, 27, 3, 6000),
(192, 41, 1, 5, 1200),
(193, 42, 3, 1, 1700),
(194, 42, 18, 2, 5500),
(195, 42, 5, 4, 4600),
(196, 42, 27, 5, 6000),
(197, 42, 14, 2, 2800),
(198, 42, 10, 2, 1500),
(199, 43, 23, 1, 2500),
(200, 43, 16, 3, 2200),
(201, 43, 1, 4, 1200),
(202, 43, 20, 5, 1500),
(203, 44, 2, 5, 3600),
(204, 44, 1, 1, 1200),
(205, 44, 15, 2, 3000),
(206, 44, 22, 1, 3800),
(207, 44, 17, 1, 6000),
(208, 45, 17, 3, 6000),
(209, 45, 20, 2, 1500),
(210, 45, 13, 2, 2500),
(211, 45, 16, 5, 2200),
(212, 45, 3, 4, 1700),
(213, 46, 12, 5, 18000),
(214, 46, 28, 4, 2000),
(215, 46, 23, 3, 2500),
(216, 46, 17, 3, 6000),
(217, 47, 1, 2, 1200),
(218, 47, 28, 3, 2000),
(219, 47, 19, 5, 2000),
(220, 47, 29, 4, 7500),
(221, 47, 14, 2, 2800),
(222, 47, 26, 4, 3000),
(223, 48, 26, 2, 3000),
(224, 48, 10, 3, 1500),
(225, 48, 17, 5, 6000),
(226, 49, 22, 5, 3800),
(227, 49, 3, 2, 1700),
(228, 49, 19, 3, 2000),
(229, 49, 5, 2, 4600),
(230, 50, 7, 2, 4800),
(231, 50, 19, 1, 2000),
(232, 50, 4, 3, 2100),
(233, 51, 17, 3, 6000),
(234, 51, 15, 3, 3000),
(235, 51, 14, 4, 2800),
(236, 51, 1, 4, 1200),
(237, 51, 16, 5, 2200),
(238, 52, 14, 5, 2800),
(239, 52, 13, 1, 2500),
(240, 52, 25, 4, 4500),
(241, 52, 28, 4, 2000),
(242, 53, 18, 5, 5500),
(243, 53, 11, 1, 10500),
(244, 53, 29, 1, 7500),
(245, 53, 23, 1, 2500),
(246, 54, 25, 2, 4500),
(247, 54, 24, 1, 8000),
(248, 54, 30, 4, 3500),
(249, 55, 6, 5, 8500),
(250, 55, 3, 2, 1700),
(251, 55, 4, 3, 2100),
(252, 55, 29, 3, 7500),
(253, 55, 18, 4, 5500),
(254, 55, 24, 1, 8000),
(255, 56, 30, 3, 3500),
(256, 56, 22, 3, 3800),
(257, 56, 7, 3, 4800),
(258, 57, 8, 5, 3500),
(259, 57, 26, 5, 3000),
(260, 57, 13, 2, 2500),
(261, 57, 3, 3, 1700),
(262, 58, 15, 1, 3000),
(263, 58, 7, 2, 4800),
(264, 58, 29, 1, 7500),
(265, 58, 30, 2, 3500),
(266, 59, 19, 5, 2000),
(267, 59, 10, 1, 1500),
(268, 59, 29, 3, 7500),
(269, 60, 23, 2, 2500),
(270, 60, 7, 5, 4800),
(271, 60, 21, 2, 2500),
(272, 60, 17, 5, 6000),
(273, 60, 22, 2, 3800),
(274, 60, 29, 5, 7500),
(275, 61, 20, 3, 1500),
(276, 61, 18, 5, 5500),
(277, 61, 24, 4, 8000),
(278, 63, 26, 1, 3000),
(279, 63, 19, 4, 2000),
(280, 63, 20, 1, 1500),
(281, 64, 25, 3, 4500),
(282, 64, 13, 2, 2500),
(283, 64, 12, 4, 18000),
(284, 64, 6, 3, 8500),
(285, 65, 16, 3, 2200),
(286, 65, 7, 4, 4800),
(287, 65, 22, 5, 3800),
(288, 65, 9, 5, 10000),
(289, 66, 5, 5, 4600),
(290, 66, 10, 1, 1500),
(291, 66, 18, 5, 5500),
(292, 66, 7, 3, 4800),
(293, 66, 11, 5, 10500),
(294, 66, 24, 2, 8000),
(295, 67, 23, 4, 2500),
(296, 67, 27, 3, 6000),
(297, 67, 22, 3, 3800),
(298, 68, 29, 1, 7500),
(299, 68, 30, 1, 3500),
(300, 68, 6, 5, 8500),
(301, 68, 28, 3, 2000),
(302, 68, 14, 4, 2800),
(303, 69, 21, 1, 2500),
(304, 69, 13, 3, 2500),
(305, 69, 16, 1, 2200),
(306, 70, 6, 4, 8500),
(307, 70, 1, 1, 1200),
(308, 70, 17, 4, 6000),
(309, 71, 13, 5, 2500),
(310, 71, 5, 1, 4600),
(311, 71, 9, 4, 10000),
(312, 71, 6, 4, 8500),
(313, 72, 12, 5, 18000),
(314, 72, 3, 4, 1700),
(315, 72, 24, 3, 8000),
(316, 72, 6, 2, 8500),
(317, 73, 11, 1, 10500),
(318, 73, 6, 5, 8500),
(319, 73, 13, 2, 2500),
(320, 73, 28, 4, 2000),
(321, 73, 8, 4, 3500),
(322, 74, 27, 2, 6000),
(323, 74, 5, 2, 4600),
(324, 74, 26, 4, 3000),
(325, 74, 9, 5, 10000),
(326, 75, 26, 4, 3000),
(327, 75, 8, 2, 3500),
(328, 75, 15, 2, 3000),
(329, 75, 27, 2, 6000),
(330, 75, 14, 2, 2800),
(331, 75, 18, 5, 5500),
(332, 76, 24, 1, 8000),
(333, 76, 27, 2, 6000),
(334, 76, 4, 5, 2100),
(335, 76, 9, 1, 10000),
(336, 76, 5, 3, 4600),
(337, 76, 7, 1, 4800),
(338, 77, 1, 4, 1200),
(339, 77, 10, 5, 1500),
(340, 77, 28, 1, 2000),
(341, 77, 7, 3, 4800),
(342, 78, 4, 3, 2100),
(343, 78, 11, 1, 10500),
(344, 78, 21, 1, 2500),
(345, 79, 29, 4, 7500),
(346, 79, 5, 4, 4600),
(347, 79, 20, 5, 1500),
(348, 79, 13, 5, 2500),
(349, 79, 1, 3, 1200),
(350, 80, 4, 5, 2100),
(351, 80, 30, 2, 3500),
(352, 80, 21, 4, 2500),
(353, 80, 28, 4, 2000),
(354, 80, 9, 4, 10000),
(355, 80, 12, 2, 18000),
(356, 81, 30, 3, 3500),
(357, 81, 3, 1, 1700),
(358, 81, 17, 1, 6000),
(359, 82, 6, 4, 8500),
(360, 82, 10, 4, 1500),
(361, 82, 18, 1, 5500),
(362, 82, 25, 1, 4500),
(363, 82, 3, 3, 1700),
(364, 82, 7, 3, 4800),
(365, 83, 29, 2, 7500),
(366, 83, 19, 3, 2000),
(367, 83, 11, 1, 10500),
(368, 83, 27, 4, 6000),
(369, 83, 8, 1, 3500),
(370, 83, 7, 5, 4800),
(371, 84, 3, 2, 1700),
(372, 84, 30, 1, 3500),
(373, 84, 19, 5, 2000),
(374, 84, 8, 1, 3500),
(375, 85, 13, 4, 2500),
(376, 85, 15, 5, 3000),
(377, 85, 6, 4, 8500),
(378, 86, 23, 1, 2500),
(379, 86, 28, 5, 2000),
(380, 86, 18, 5, 5500),
(381, 86, 21, 3, 2500),
(382, 87, 12, 4, 18000),
(383, 87, 26, 1, 3000),
(384, 87, 18, 2, 5500),
(385, 87, 25, 3, 4500),
(386, 88, 15, 1, 3000),
(387, 88, 25, 3, 4500),
(388, 88, 10, 4, 1500),
(389, 88, 9, 5, 10000),
(390, 88, 18, 5, 5500),
(391, 89, 12, 2, 18000),
(392, 89, 1, 2, 1200),
(393, 89, 29, 5, 7500),
(394, 89, 19, 2, 2000),
(395, 89, 3, 2, 1700),
(396, 90, 14, 2, 2800),
(397, 90, 5, 4, 4600),
(398, 90, 13, 5, 2500),
(399, 90, 17, 5, 6000),
(400, 90, 15, 1, 3000),
(401, 91, 22, 5, 3800),
(402, 91, 7, 4, 4800),
(403, 91, 30, 5, 3500),
(404, 91, 14, 3, 2800),
(405, 91, 26, 5, 3000),
(406, 92, 12, 2, 18000),
(407, 92, 10, 1, 1500),
(408, 92, 23, 2, 2500),
(409, 92, 25, 4, 4500),
(410, 92, 16, 5, 2200),
(411, 93, 30, 1, 3500),
(412, 93, 5, 5, 4600),
(413, 93, 4, 1, 2100),
(414, 93, 12, 4, 18000),
(415, 93, 26, 1, 3000),
(416, 93, 20, 1, 1500),
(417, 94, 30, 2, 3500),
(418, 94, 29, 1, 7500),
(419, 94, 11, 3, 10500),
(420, 95, 25, 4, 4500),
(421, 95, 27, 4, 6000),
(422, 95, 12, 5, 18000),
(423, 95, 2, 2, 3600),
(424, 96, 9, 1, 10000),
(425, 96, 10, 5, 1500),
(426, 96, 5, 2, 4600),
(427, 96, 8, 2, 3500),
(428, 96, 22, 4, 3800),
(429, 96, 12, 3, 18000),
(430, 97, 29, 3, 7500),
(431, 97, 24, 2, 8000),
(432, 97, 21, 3, 2500),
(433, 97, 20, 3, 1500),
(434, 97, 7, 1, 4800),
(435, 97, 26, 5, 3000),
(436, 98, 18, 2, 5500),
(437, 98, 22, 3, 3800),
(438, 98, 2, 5, 3600),
(439, 99, 12, 5, 18000),
(440, 99, 14, 3, 2800),
(441, 99, 9, 4, 10000),
(442, 99, 25, 2, 4500),
(443, 99, 29, 4, 7500),
(444, 99, 26, 1, 3000),
(445, 100, 9, 5, 10000),
(446, 100, 20, 1, 1500),
(447, 100, 16, 3, 2200);

-- --------------------------------------------------------

--
-- Table structure for table `productos`
--

CREATE TABLE `productos` (
  `id` int(11) NOT NULL,
  `nombre` varchar(40) NOT NULL,
  `precio` float NOT NULL,
  `stock` int(11) NOT NULL
) ENGINE=InnoDB DEFAULT CHARSET=utf8mb4 COLLATE=utf8mb4_general_ci;

--
-- Dumping data for table `productos`
--

INSERT INTO `productos` (`id`, `nombre`, `precio`, `stock`) VALUES
(1, 'Harina de trigo', 1200, 30),
(2, 'Pasta Doria', 3600, 45),
(3, 'Arroz Diana', 1700, 250),
(4, 'Trululu Dinos', 2100, 120),
(5, 'Cafe Sello Rojo', 4600, 240),
(6, 'Huevos(Docena)', 8500, 40),
(7, 'Leche(litro)', 4800, 60),
(8, 'Azucar(kg)', 3500, 45),
(9, 'Aceite(litro)', 10000, 35),
(10, 'Sal(kg)', 1500, 80),
(11, 'Pollo(kg)', 10500, 20),
(12, 'Carne de res(kg)', 18000, 15),
(13, 'Papa(kg)', 2500, 50),
(14, 'Cebolla(kg)', 2800, 45),
(15, 'Tomate(kg)', 3000, 40),
(16, 'Zanahoria(kg)', 2200, 55),
(17, 'Frijoles(kg)', 6000, 30),
(18, 'Lentejas(kg)', 5500, 25),
(19, 'Banano(kg)', 2000, 60),
(20, 'Manzana(Unidad)', 1500, 50),
(21, 'Naranja(kg)', 2500, 50),
(22, 'Arepas(Paquete 5 u.)', 3800, 35),
(23, 'Margarina(250gr)', 2500, 40),
(24, 'Queso(500gr)', 8000, 25),
(25, 'Atun(Lata)', 4500, 45),
(26, 'Galletas(Paquete)', 3000, 55),
(27, 'Papel higienico(4 unidades)', 6000, 30),
(28, 'Jabón de Baño', 2000, 50),
(29, 'Detergente', 7500, 20),
(30, 'Crema dental(Unidad)', 3500, 40);

-- --------------------------------------------------------

--
-- Table structure for table `ventas`
--

CREATE TABLE `ventas` (
  `id` int(11) NOT NULL,
  `id_cliente` int(11) DEFAULT NULL,
  `date_and_time` datetime NOT NULL,
  `hour` time DEFAULT NULL
) ENGINE=InnoDB DEFAULT CHARSET=utf8mb4 COLLATE=utf8mb4_general_ci;

--
-- Dumping data for table `ventas`
--

INSERT INTO `ventas` (`id`, `id_cliente`, `date_and_time`, `hour`) VALUES
(1, 4, '2020-08-28 00:00:00', '18:07:01'),
(2, 11, '2024-11-22 00:00:00', '19:17:15'),
(3, 13, '2024-06-30 00:00:00', '11:08:47'),
(4, 15, '2021-11-21 00:00:00', '09:43:47'),
(5, 18, '2022-01-24 00:00:00', '16:05:37'),
(6, 12, '2020-12-23 00:00:00', '14:02:01'),
(7, 8, '2023-02-02 00:00:00', '09:13:14'),
(8, 16, '2022-04-12 00:00:00', '16:38:01'),
(9, 16, '2021-10-28 00:00:00', '16:12:45'),
(10, 15, '2021-05-21 00:00:00', '18:44:34'),
(11, 12, '2020-01-11 00:00:00', '14:14:28'),
(12, 12, '2024-06-08 00:00:00', '17:17:51'),
(13, 19, '2024-12-07 00:00:00', '08:48:51'),
(14, 4, '2020-04-26 00:00:00', '10:44:27'),
(15, 18, '2024-09-04 00:00:00', '13:17:09'),
(16, 7, '2020-07-06 00:00:00', '11:48:21'),
(17, 15, '2022-08-31 00:00:00', '09:05:24'),
(18, 3, '2022-09-24 00:00:00', '09:22:54'),
(19, 2, '2025-05-24 00:00:00', '13:38:16'),
(20, 4, '2023-07-03 00:00:00', '20:02:46'),
(21, 3, '2024-07-19 00:00:00', '15:34:07'),
(22, 13, '2024-12-10 00:00:00', '14:05:35'),
(23, 8, '2021-02-14 00:00:00', '12:53:40'),
(24, 2, '2020-03-17 00:00:00', '17:56:55'),
(25, 2, '2023-01-10 00:00:00', '13:36:12'),
(26, 10, '2024-10-05 00:00:00', '19:04:02'),
(27, 15, '2020-04-09 00:00:00', '18:14:49'),
(28, 4, '2023-10-16 00:00:00', '12:05:54'),
(29, 16, '2020-02-14 00:00:00', '11:55:06'),
(30, 3, '2023-02-24 00:00:00', '14:17:29'),
(31, 8, '2024-07-04 00:00:00', '18:53:23'),
(32, 17, '2023-05-03 00:00:00', '10:23:22'),
(33, 13, '2021-05-16 00:00:00', '11:42:17'),
(34, 20, '2024-06-27 00:00:00', '19:59:43'),
(35, 14, '2020-06-04 00:00:00', '18:04:38'),
(36, 19, '2020-10-25 00:00:00', '18:10:34'),
(37, 1, '2023-11-18 00:00:00', '19:15:10'),
(38, 7, '2021-08-10 00:00:00', '15:24:17'),
(39, 4, '2020-03-31 00:00:00', '18:44:35'),
(40, 1, '2020-11-06 00:00:00', '11:43:20'),
(41, 5, '2020-02-18 00:00:00', '20:49:03'),
(42, 6, '2020-05-20 00:00:00', '11:52:02'),
(43, 5, '2021-09-17 00:00:00', '20:20:25'),
(44, 6, '2022-03-26 00:00:00', '12:04:13'),
(45, 16, '2021-11-30 00:00:00', '17:56:45'),
(46, 18, '2021-12-30 00:00:00', '13:13:41'),
(47, 2, '2022-04-08 00:00:00', '15:25:56'),
(48, 19, '2022-09-19 00:00:00', '18:29:09'),
(49, 11, '2021-07-25 00:00:00', '12:08:15'),
(50, 17, '2023-12-15 00:00:00', '19:35:34'),
(51, 16, '2020-12-12 00:00:00', '12:47:37'),
(52, 5, '2024-11-02 00:00:00', '14:57:37'),
(53, 5, '2022-01-19 00:00:00', '14:23:14'),
(54, 9, '2021-10-05 00:00:00', '10:32:31'),
(55, 3, '2024-10-29 00:00:00', '09:48:03'),
(56, 12, '2021-03-09 00:00:00', '09:09:40'),
(57, 10, '2024-08-02 00:00:00', '10:50:43'),
(58, 2, '2024-07-04 00:00:00', '14:38:04'),
(59, 10, '2024-01-11 00:00:00', '14:24:38'),
(60, 12, '2022-07-03 00:00:00', '15:33:16'),
(61, 12, '2021-09-11 00:00:00', '16:55:00'),
(62, 15, '2022-04-02 00:00:00', '18:46:07'),
(63, 15, '2021-01-10 00:00:00', '18:56:34'),
(64, 20, '2021-03-30 00:00:00', '20:17:49'),
(65, 15, '2024-11-03 00:00:00', '18:21:07'),
(66, 7, '2020-09-18 00:00:00', '12:27:10'),
(67, 7, '2024-05-01 00:00:00', '15:00:46'),
(68, 10, '2023-05-01 00:00:00', '19:16:32'),
(69, 15, '2022-10-15 00:00:00', '20:11:32'),
(70, 8, '2021-02-15 00:00:00', '09:55:40'),
(71, 8, '2024-03-02 00:00:00', '12:53:40'),
(72, 12, '2023-05-24 00:00:00', '16:38:12'),
(73, 11, '2022-08-21 00:00:00', '10:23:48'),
(74, 16, '2025-06-12 00:00:00', '10:34:49'),
(75, 12, '2023-01-18 00:00:00', '16:58:00'),
(76, 7, '2024-01-31 00:00:00', '17:20:31'),
(77, 10, '2023-02-13 00:00:00', '08:07:59'),
(78, 5, '2024-09-09 00:00:00', '13:56:53'),
(79, 2, '2024-11-06 00:00:00', '20:19:15'),
(80, 18, '2025-01-15 00:00:00', '08:15:56'),
(81, 15, '2023-10-08 00:00:00', '17:05:05'),
(82, 2, '2023-11-21 00:00:00', '19:31:52'),
(83, 5, '2024-12-03 00:00:00', '09:48:34'),
(84, 13, '2022-07-31 00:00:00', '20:08:08'),
(85, 1, '2021-06-13 00:00:00', '18:30:35'),
(86, 19, '2022-06-17 00:00:00', '10:16:33'),
(87, 11, '2020-05-08 00:00:00', '17:27:13'),
(88, 1, '2020-10-23 00:00:00', '16:48:46'),
(89, 7, '2024-09-12 00:00:00', '19:12:45'),
(90, 15, '2022-01-09 00:00:00', '12:25:42'),
(91, 3, '2025-06-25 00:00:00', '18:23:28'),
(92, 15, '2020-12-20 00:00:00', '16:28:07'),
(93, 8, '2023-10-10 00:00:00', '11:14:04'),
(94, 9, '2021-07-06 00:00:00', '13:01:37'),
(95, 16, '2023-04-06 00:00:00', '16:14:37'),
(96, 6, '2021-02-06 00:00:00', '11:00:04'),
(97, 1, '2022-09-02 00:00:00', '19:40:03'),
(98, 4, '2024-10-13 00:00:00', '11:04:57'),
(99, 3, '2022-06-19 00:00:00', '08:55:21'),
(100, 6, '2024-04-12 00:00:00', '09:32:15');

--
-- Indexes for dumped tables
--

--
-- Indexes for table `clientes`
--
ALTER TABLE `clientes`
  ADD PRIMARY KEY (`id`);

--
-- Indexes for table `detalle_venta`
--
ALTER TABLE `detalle_venta`
  ADD PRIMARY KEY (`id`),
  ADD KEY `id_venta` (`id_venta`),
  ADD KEY `id_producto` (`id_producto`);

--
-- Indexes for table `productos`
--
ALTER TABLE `productos`
  ADD PRIMARY KEY (`id`);

--
-- Indexes for table `ventas`
--
ALTER TABLE `ventas`
  ADD PRIMARY KEY (`id`),
  ADD KEY `id_cliente` (`id_cliente`);

--
-- AUTO_INCREMENT for dumped tables
--

--
-- AUTO_INCREMENT for table `clientes`
--
ALTER TABLE `clientes`
  MODIFY `id` int(11) NOT NULL AUTO_INCREMENT, AUTO_INCREMENT=21;

--
-- AUTO_INCREMENT for table `detalle_venta`
--
ALTER TABLE `detalle_venta`
  MODIFY `id` int(11) NOT NULL AUTO_INCREMENT, AUTO_INCREMENT=448;

--
-- AUTO_INCREMENT for table `productos`
--
ALTER TABLE `productos`
  MODIFY `id` int(11) NOT NULL AUTO_INCREMENT, AUTO_INCREMENT=31;

--
-- AUTO_INCREMENT for table `ventas`
--
ALTER TABLE `ventas`
  MODIFY `id` int(11) NOT NULL AUTO_INCREMENT, AUTO_INCREMENT=101;

--
-- Constraints for dumped tables
--

--
-- Constraints for table `detalle_venta`
--
ALTER TABLE `detalle_venta`
  ADD CONSTRAINT `detalle_venta_ibfk_1` FOREIGN KEY (`id_venta`) REFERENCES `ventas` (`id`),
  ADD CONSTRAINT `detalle_venta_ibfk_2` FOREIGN KEY (`id_producto`) REFERENCES `productos` (`id`);

--
-- Constraints for table `ventas`
--
ALTER TABLE `ventas`
  ADD CONSTRAINT `ventas_ibfk_1` FOREIGN KEY (`id_cliente`) REFERENCES `clientes` (`id`);
COMMIT;

/*!40101 SET CHARACTER_SET_CLIENT=@OLD_CHARACTER_SET_CLIENT */;
/*!40101 SET CHARACTER_SET_RESULTS=@OLD_CHARACTER_SET_RESULTS */;
/*!40101 SET COLLATION_CONNECTION=@OLD_COLLATION_CONNECTION */;
